Wall time,Step,Value
1534992447.9639814,59,0.76171875
1534993086.7009757,285,0.7007812261581421
1534993722.602729,512,0.649218738079071
1534994369.6673195,745,0.776562511920929
1534995004.9847836,981,0.698437511920929
1534995638.2633097,1216,0.6109374761581421
1534996274.9348228,1454,0.7679687738418579
1534996908.2077582,1689,0.6859375238418579
1534997541.2304144,1926,0.6773437261581421
1534997843.899085,2000,0.733593761920929
