stat,value
users,120220
desc,71142
tweets,14860508
words,13607961
min tweets,1
avg tweets,123.61094659790385
max tweets,39436
median tweet,74.0
min words,1
avg words,1571.7698283965096
max words,652282
median words,834.0
