Wall time,Step,Value
1538593510.1971998,2000,0.28139182925224304
