Wall time,Step,Value
1534947607.2411132,31,0.561718761920929
1534948317.5780492,150,0.694531261920929
1534949026.3978288,270,0.7085937261581421
1534949736.8937366,388,0.703906238079071
1534950443.9282937,507,0.6929687261581421
1534951151.0277143,628,0.703906238079071
1534951861.846432,745,0.702343761920929
1534952565.1112146,864,0.6929687261581421
1534953281.0162659,984,0.7085937261581421
1534953992.9645925,1097,0.702343761920929
1534954707.8502123,1215,0.6640625
1534955423.8179803,1332,0.7109375
1534956134.9506407,1448,0.723437488079071
1534956848.1598623,1561,0.69921875
1534957563.767753,1677,0.6968749761581421
1534958279.9427433,1793,0.6898437738418579
1534958991.5637043,1907,0.7093750238418579
1534959602.907974,2000,0.6703125238418579
