Wall time,Step,Value
1534976724.0365644,1,1.7777224779129028
1534977411.9882991,101,0.6602505445480347
1534978042.5628479,201,0.5422353744506836
1534978953.2451305,301,0.45115962624549866
1534979591.9285598,401,0.4496052861213684
1534980236.4112735,501,0.41503703594207764
1534980658.295102,601,0.4187488257884979
1534981292.4036937,701,0.5941303968429565
1534982201.3826466,801,0.348954975605011
1534982564.9150307,901,0.4122440814971924
1534983160.7469833,1001,0.34459781646728516
1534983826.4275053,1101,0.40194547176361084
1534984497.0258317,1201,0.3885573148727417
1534985410.8777528,1301,0.2409583330154419
1534986082.6452267,1401,0.3235054910182953
1534986746.570535,1501,0.3568534553050995
1534987418.6567352,1601,0.3809857964515686
1534988093.32205,1701,0.37165024876594543
1534988772.4490368,1801,0.3265450596809387
1534989684.4582412,1901,0.26187387108802795
