Wall time,Step,Value
1533435001.0675504,2000,0.4549819827079773
