Wall time,Step,Value
1534975993.1435003,29,0.67578125
1534976594.2157164,118,0.85546875
1534977314.7481227,235,0.87109375
1534978037.17964,352,0.828125
1534978637.914093,441,0.74609375
1534979238.1558285,530,0.7984374761581421
1534979956.117687,648,0.809374988079071
1534980677.5749354,767,0.741406261920929
1534981397.739457,887,0.733593761920929
1534982148.3948116,1008,0.729687511920929
1534982865.9136474,1129,0.696093738079071
1534983585.8385055,1251,0.7476562261581421
1534984305.2515228,1373,0.776562511920929
1534985026.0107672,1493,0.792187511920929
1534985627.200318,1584,0.682812511920929
1534986228.9700754,1674,0.660937488079071
1534986949.7266095,1792,0.710156261920929
1534987549.172576,1882,0.6976562738418579
1534988154.244117,1972,0.8101562261581421
1534988498.8346655,2000,0.6968749761581421
