Wall time,Step,Value
1534977085.6294265,28,0.24921874701976776
1534977695.0844462,112,0.4359374940395355
1534978301.165972,208,0.5015624761581421
1534978911.0912998,293,0.6039062738418579
1534979509.3672016,383,0.6156250238418579
1534980213.9680703,498,0.5757812261581421
1534980943.587577,614,0.624218761920929
1534981548.4226067,707,0.6484375
1534982148.2044702,791,0.653124988079071
1534982846.0059645,924,0.6429687738418579
1534983576.3609536,1044,0.6273437738418579
1534984188.345487,1131,0.663281261920929
1534984797.2971997,1217,0.6484375
1534985408.1758556,1301,0.6390625238418579
1534986016.4976575,1387,0.643750011920929
1534986622.3173003,1473,0.635937511920929
1534987228.4287238,1558,0.5257812738418579
1534987832.267961,1643,0.663281261920929
1534988437.8999836,1725,0.6664062738418579
1534989045.4434195,1810,0.640625
1534989653.068068,1896,0.58984375
1534990263.0993192,1981,0.659375011920929
1534990586.0610075,2000,0.592968761920929
