Wall time,Step,Value
1534992447.9639814,59,0.6745625734329224
1534993086.7009757,285,0.625267505645752
1534993722.602729,512,0.7013906240463257
1534994369.6673195,745,0.3818711042404175
1534995004.9847836,981,0.5390104055404663
1534995638.2633097,1216,0.6908049583435059
1534996274.9348228,1454,0.503662109375
1534996908.2077582,1689,0.5850567817687988
1534997541.2304144,1926,0.7791638374328613
1534997843.899085,2000,0.4465058743953705
