Wall time,Step,Value
1534992447.9639814,59,0.3578124940395355
1534993086.7009757,285,0.3609375059604645
1534993722.602729,512,0.3148437440395355
1534994369.6673195,745,0.3921875059604645
1534995004.9847836,981,0.3499999940395355
1534995638.2633097,1216,0.3070312440395355
1534996274.9348228,1454,0.3828125
1534996908.2077582,1689,0.27734375
1534997541.2304144,1926,0.3101562559604645
1534997843.899085,2000,0.3226562440395355
