Wall time,Step,Value
1534976110.520885,1,1.8485047817230225
1534976732.7010875,101,0.7238732576370239
1534977344.6648903,201,0.2816319763660431
1534977979.4379895,301,0.4075365364551544
1534978640.32149,401,0.585259199142456
1534979296.1958501,501,0.40000542998313904
1534979967.563597,601,0.443859338760376
1534980632.3409142,701,0.3689192831516266
1534981307.0975728,801,0.4050646126270294
1534981978.2239852,901,0.3977334797382355
1534982649.2711122,1001,0.38437193632125854
1534983327.3047583,1101,0.30530568957328796
1534983997.371809,1201,0.38769930601119995
1534984898.2670906,1301,0.34665071964263916
1534985573.238339,1401,0.29917216300964355
1534986239.7270284,1501,0.37219852209091187
1534986906.3116758,1601,0.40070641040802
1534987578.0396316,1701,0.3307746350765228
1534988245.0090775,1801,0.2985647916793823
1534988916.8942637,1901,0.3502282202243805
