Wall time,Step,Value
1533435001.0675504,2000,0.6780712008476257
