Wall time,Step,Value
1534992447.9639814,59,0.5023437738418579
1534993086.7009757,285,0.4906249940395355
1534993722.602729,512,0.4140625
1534994369.6673195,745,0.54296875
1534995004.9847836,981,0.48828125
1534995638.2633097,1216,0.4078125059604645
1534996274.9348228,1454,0.534375011920929
1534996908.2077582,1689,0.4351562559604645
1534997541.2304144,1926,0.44218748807907104
1534997843.899085,2000,0.46953123807907104
